time_s,trial_id,marker_visible,grf_vertical_N,emg_tib_ant_uV,ankle_angle_deg,knee_flexion_deg,hip_flexion_deg
0.0,trial_01,1.0,194.99,10.8,5.0,5.0,20.0
0.01,trial_01,1.0,214.5,17.52,5.94,5.15,20.79
0.02,trial_01,1.0,235.38,11.77,6.88,5.61,21.57
0.03,trial_01,1.0,257.41,14.81,7.81,6.36,22.35
0.04,trial_01,1.0,280.25,16.78,8.73,7.39,23.13
0.05,trial_01,1.0,303.53,11.36,9.64,8.7,23.91
0.06,trial_01,1.0,326.81,12.35,10.52,10.27,24.68
0.07,trial_01,1.0,349.6,14.14,11.39,12.07,25.45
0.08,trial_01,1.0,371.39,13.95,12.23,14.1,26.22
0.09,trial_01,1.0,391.65,11.65,13.04,16.31,26.97
0.1,trial_01,1.0,409.86,8.33,13.82,18.68,27.73
0.11,trial_01,1.0,425.54,12.59,14.56,21.2,28.47
0.12,trial_01,1.0,438.25,9.15,15.27,23.81,29.2
0.13,trial_01,1.0,447.65,15.14,15.93,26.5,29.93
0.14,trial_01,1.0,453.46,12.55,16.56,29.24,30.64
0.15,trial_01,1.0,455.52,15.3,17.14,31.98,31.35
0.16,trial_01,1.0,453.8,12.11,17.66,34.71,32.04
0.17,trial_01,1.0,448.35,14.32,18.14,37.38,32.73
0.18,trial_01,1.0,439.38,10.77,18.57,39.98,33.4
0.19,trial_01,1.0,427.17,11.88,18.95,42.47,34.05
0.2,trial_01,1.0,412.11,12.33,19.27,44.84,34.69
0.21,trial_01,1.0,394.67,14.28,19.53,47.05,35.32
0.22,trial_01,1.0,375.38,13.35,19.73,49.08,35.94
0.23,trial_01,1.0,354.81,13.64,19.88,50.93,36.53
0.24,trial_01,1.0,333.53,10.21,19.97,52.57,37.11
0.25,trial_01,1.0,312.12,12.94,20.0,54.0,37.68
0.26,trial_01,1.0,291.14,16.2,19.97,55.21,38.22
0.27,trial_01,1.0,271.09,12.62,19.88,56.19,38.75
0.28,trial_01,1.0,252.44,12.28,19.73,56.95,39.26
0.29,trial_01,1.0,235.58,12.35,19.53,57.49,39.75
0.3,trial_01,1.0,220.85,12.75,19.27,57.82,40.23
0.31,trial_01,1.0,208.5,8.72,18.95,57.94,40.68
0.32,trial_01,1.0,198.72,14.08,18.57,57.87,41.11
0.33,trial_01,1.0,191.64,10.72,18.14,57.62,41.52
0.34,trial_01,1.0,187.3,14.1,17.66,57.21,41.91
0.35,trial_01,1.0,185.7,12.34,17.14,56.67,42.28
0.36,trial_01,1.0,186.78,12.82,16.56,56.01,42.62
0.37,trial_01,1.0,190.43,10.68,15.93,55.25,42.94
0.38,trial_01,1.0,196.48,12.24,15.27,54.43,43.24
0.39,trial_01,1.0,204.75,13.42,14.56,53.56,43.52
0.4,trial_01,1.0,214.99,167.87,13.82,52.66,43.78
0.41,trial_01,1.0,226.93,166.23,13.04,51.77,44.01
0.42,trial_01,1.0,240.28,164.13,12.23,50.9,44.21
0.43,trial_01,1.0,254.71,161.57,11.39,50.08,44.4
0.44,trial_01,1.0,269.88,158.58,10.52,49.32,44.56
0.45,trial_01,1.0,285.43,155.16,9.64,48.65,44.69
0.46,trial_01,1.0,300.98,151.32,8.73,48.07,44.8
0.47,trial_01,1.0,316.16,147.08,7.81,47.61,44.89
0.48,trial_01,1.0,330.6,142.46,6.88,47.27,44.95
0.49,trial_01,1.0,343.94,137.48,5.94,47.07,44.99
0.5,trial_01,1.0,355.87,132.15,5.0,47.0,45.0
0.51,trial_01,1.0,366.06,126.49,4.06,47.07,44.99
0.52,trial_01,1.0,374.27,120.53,3.12,47.27,44.95
0.53,trial_01,1.0,380.28,114.3,2.19,47.61,44.89
0.54,trial_01,1.0,383.93,107.81,1.27,48.07,44.8
0.55,trial_01,1.0,385.13,101.09,0.36,48.65,44.69
0.56,trial_01,1.0,383.83,94.17,-0.52,49.32,44.56
0.57,trial_01,1.0,380.06,87.08,-1.39,50.08,44.4
0.58,trial_01,1.0,373.9,79.84,-2.23,50.9,44.21
0.59,trial_01,1.0,365.5,72.49,-3.04,51.77,44.01
0.6,trial_01,1.0,355.04,65.04,-3.82,52.66,43.78
0.61,trial_01,1.0,342.76,57.53,-4.56,53.56,43.52
0.62,trial_01,1.0,328.94,50.0,-5.27,54.43,43.24
0.63,trial_01,1.0,313.86,50.0,-5.93,55.25,42.94
0.64,trial_01,1.0,297.83,50.0,-6.56,56.01,42.62
0.65,trial_01,1.0,281.15,50.0,-7.14,56.67,42.28
0.66,trial_01,1.0,264.14,50.0,-7.66,57.21,41.91
0.67,trial_01,1.0,247.08,50.0,-8.14,57.62,41.52
0.68,trial_01,1.0,230.22,50.0,-8.57,57.87,41.11
0.69,trial_01,1.0,213.82,50.0,-8.95,57.94,40.68
0.7,trial_01,1.0,198.07,50.0,-9.27,57.82,40.23
0.71,trial_01,1.0,183.13,50.0,-9.53,57.49,39.75
0.72,trial_01,1.0,169.14,50.0,-9.73,56.95,39.26
0.73,trial_01,1.0,156.19,50.0,-9.88,56.19,38.75
0.74,trial_01,1.0,144.33,50.0,-9.97,55.21,38.22
0.75,trial_01,1.0,133.6,50.0,-10.0,54.0,37.68
0.76,trial_01,1.0,123.98,50.0,-9.97,52.57,37.11
0.77,trial_01,1.0,115.45,50.0,-9.88,50.93,36.53
0.78,trial_01,1.0,107.96,50.0,-9.73,49.08,35.94
0.79,trial_01,1.0,101.46,50.0,-9.53,47.05,35.32
0.8,trial_01,1.0,95.86,50.0,-9.27,44.84,34.69
0.81,trial_01,1.0,91.09,50.0,-8.95,42.47,34.05
0.82,trial_01,1.0,87.06,50.0,-8.57,39.98,33.4
0.83,trial_01,1.0,83.69,50.0,-8.14,37.38,32.73
0.84,trial_01,1.0,80.9,50.0,-7.66,34.71,32.04
0.85,trial_01,1.0,78.61,50.0,-7.14,31.98,31.35
0.86,trial_01,1.0,76.74,50.0,-6.56,29.24,30.64
0.87,trial_01,1.0,75.24,50.0,-5.93,26.5,29.93
0.88,trial_01,1.0,74.04,50.0,-5.27,23.81,29.2
0.89,trial_01,1.0,73.09,50.0,-4.56,21.2,28.47
0.9,trial_01,1.0,72.35,50.0,-3.82,18.68,27.73
0.91,trial_01,1.0,71.77,50.0,-3.04,16.31,26.97
0.92,trial_01,1.0,71.32,50.0,-2.23,14.1,26.22
0.93,trial_01,1.0,70.98,50.0,-1.39,12.07,25.45
0.94,trial_01,1.0,70.72,50.0,-0.52,10.27,24.68
0.95,trial_01,1.0,70.52,50.0,0.36,8.7,23.91
0.96,trial_01,1.0,70.38,50.0,1.27,7.39,23.13
0.97,trial_01,1.0,70.27,50.0,2.19,6.36,22.35
0.98,trial_01,1.0,70.19,50.0,3.12,5.61,21.57
0.99,trial_01,1.0,70.14,50.0,4.06,5.15,20.79
1.0,trial_01,1.0,194.99,14.26,5.0,5.0,20.0
1.01,trial_01,1.0,214.5,15.46,5.94,5.15,20.79
1.02,trial_01,1.0,235.38,13.9,6.88,5.61,21.57
1.03,trial_01,1.0,257.41,13.43,7.81,6.36,22.35
1.04,trial_01,1.0,280.25,12.8,8.73,7.39,23.13
1.05,trial_01,1.0,303.53,18.29,9.64,8.7,23.91
1.06,trial_01,1.0,326.81,19.31,10.52,10.27,24.68
1.07,trial_01,1.0,349.6,15.19,11.39,12.07,25.45
1.08,trial_01,1.0,371.39,8.25,12.23,14.1,26.22
1.09,trial_01,1.0,391.65,14.25,13.04,16.31,26.97
1.1,trial_01,1.0,409.86,18.79,13.82,18.68,27.73
1.11,trial_01,1.0,425.54,16.38,14.56,21.2,28.47
1.12,trial_01,1.0,438.25,14.0,15.27,23.81,29.2
1.13,trial_01,1.0,447.65,57.53,15.93,26.5,29.93
1.14,trial_01,1.0,453.46,65.04,16.56,29.24,30.64
1.15,trial_01,1.0,455.52,72.49,17.14,31.98,31.35
1.16,trial_01,1.0,453.8,79.84,17.66,34.71,32.04
1.17,trial_01,1.0,448.35,87.08,18.14,37.38,32.73
1.18,trial_01,1.0,439.38,94.17,18.57,39.98,33.4
1.19,trial_01,1.0,427.17,101.09,18.95,42.47,34.05
1.2,trial_01,1.0,412.11,107.81,19.27,44.84,34.69
1.21,trial_01,1.0,394.67,114.3,19.53,47.05,35.32
1.22,trial_01,1.0,375.38,120.53,19.73,49.08,35.94
1.23,trial_01,1.0,354.81,126.49,19.88,50.93,36.53
1.24,trial_01,1.0,333.53,132.15,19.97,52.57,37.11
1.25,trial_01,1.0,312.12,137.48,20.0,54.0,37.68
1.26,trial_01,1.0,291.14,142.46,19.97,55.21,38.22
1.27,trial_01,1.0,271.09,147.08,19.88,56.19,38.75
1.28,trial_01,1.0,252.44,151.32,19.73,56.95,39.26
1.29,trial_01,1.0,235.58,155.16,19.53,57.49,39.75
1.3,trial_01,1.0,220.85,158.58,19.27,57.82,40.23
1.31,trial_01,1.0,208.5,161.57,18.95,57.94,40.68
1.32,trial_01,1.0,198.72,164.13,18.57,57.87,41.11
1.33,trial_01,1.0,191.64,166.23,18.14,57.62,41.52
1.34,trial_01,1.0,187.3,167.87,17.66,57.21,41.91
1.35,trial_01,1.0,185.7,169.05,17.14,56.67,42.28
1.36,trial_01,1.0,186.78,169.76,16.56,56.01,42.62
1.37,trial_01,1.0,190.43,170.0,15.93,55.25,42.94
1.38,trial_01,1.0,196.48,169.76,15.27,54.43,43.24
1.39,trial_01,1.0,204.75,169.05,14.56,53.56,43.52
1.4,trial_01,1.0,214.99,167.87,13.82,52.66,43.78
1.41,trial_01,1.0,226.93,166.23,13.04,51.77,44.01
1.42,trial_01,1.0,240.28,164.13,12.23,50.9,44.21
1.43,trial_01,1.0,254.71,161.57,11.39,50.08,44.4
1.44,trial_01,1.0,269.88,158.58,10.52,49.32,44.56
1.45,trial_01,1.0,285.43,155.16,9.64,48.65,44.69
1.46,trial_01,1.0,300.98,151.32,8.73,48.07,44.8
1.47,trial_01,1.0,316.16,147.08,7.81,47.61,44.89
1.48,trial_01,1.0,330.6,142.46,6.88,47.27,44.95
1.49,trial_01,1.0,343.94,137.48,5.94,47.07,44.99
1.5,trial_01,1.0,355.87,132.15,5.0,47.0,45.0
1.51,trial_01,1.0,366.06,126.49,4.06,47.07,44.99
1.52,trial_01,1.0,374.27,120.53,3.12,47.27,44.95
1.53,trial_01,1.0,380.28,114.3,2.19,47.61,44.89
1.54,trial_01,1.0,383.93,107.81,1.27,48.07,44.8
1.55,trial_01,1.0,385.13,101.09,0.36,48.65,44.69
1.56,trial_01,1.0,383.83,94.17,-0.52,49.32,44.56
1.57,trial_01,1.0,380.06,87.08,-1.39,50.08,44.4
1.58,trial_01,1.0,373.9,79.84,-2.23,50.9,44.21
1.59,trial_01,1.0,365.5,72.49,-3.04,51.77,44.01
1.6,trial_01,1.0,355.04,65.04,-3.82,52.66,43.78
1.61,trial_01,1.0,342.76,57.53,-4.56,53.56,43.52
1.62,trial_01,1.0,328.94,50.0,-5.27,54.43,43.24
1.63,trial_01,1.0,313.86,50.0,-5.93,55.25,42.94
1.64,trial_01,1.0,297.83,50.0,-6.56,56.01,42.62
1.65,trial_01,1.0,281.15,50.0,-7.14,56.67,42.28
1.66,trial_01,1.0,264.14,50.0,-7.66,57.21,41.91
1.67,trial_01,1.0,247.08,50.0,-8.14,57.62,41.52
1.68,trial_01,1.0,230.22,50.0,-8.57,57.87,41.11
1.69,trial_01,1.0,213.82,50.0,-8.95,57.94,40.68
1.7,trial_01,1.0,198.07,50.0,-9.27,57.82,40.23
1.71,trial_01,1.0,183.13,50.0,-9.53,57.49,39.75
1.72,trial_01,1.0,169.14,50.0,-9.73,56.95,39.26
1.73,trial_01,1.0,156.19,50.0,-9.88,56.19,38.75
1.74,trial_01,1.0,144.33,50.0,-9.97,55.21,38.22
1.75,trial_01,1.0,133.6,50.0,-10.0,54.0,37.68
1.76,trial_01,1.0,123.98,50.0,-9.97,52.57,37.11
1.77,trial_01,1.0,115.45,50.0,-9.88,50.93,36.53
1.78,trial_01,1.0,107.96,50.0,-9.73,49.08,35.94
1.79,trial_01,1.0,101.46,50.0,-9.53,47.05,35.32
1.8,trial_01,1.0,95.86,50.0,-9.27,44.84,34.69
1.81,trial_01,1.0,91.09,50.0,-8.95,42.47,34.05
1.82,trial_01,1.0,87.06,50.0,-8.57,39.98,33.4
1.83,trial_01,1.0,83.69,50.0,-8.14,37.38,32.73
1.84,trial_01,1.0,80.9,50.0,-7.66,34.71,32.04
1.85,trial_01,1.0,78.61,50.0,-7.14,31.98,31.35
1.86,trial_01,1.0,76.74,50.0,-6.56,29.24,30.64
1.87,trial_01,1.0,75.24,50.0,-5.93,26.5,29.93
1.88,trial_01,1.0,74.04,50.0,-5.27,23.81,29.2
1.89,trial_01,1.0,73.09,50.0,-4.56,21.2,28.47
1.9,trial_01,1.0,72.35,50.0,-3.82,18.68,27.73
1.91,trial_01,1.0,71.77,50.0,-3.04,16.31,26.97
1.92,trial_01,1.0,71.32,50.0,-2.23,14.1,26.22
1.93,trial_01,1.0,70.98,50.0,-1.39,12.07,25.45
1.94,trial_01,1.0,70.72,50.0,-0.52,10.27,24.68
1.95,trial_01,1.0,70.52,50.0,0.36,8.7,23.91
1.96,trial_01,1.0,70.38,50.0,1.27,7.39,23.13
1.97,trial_01,1.0,70.27,50.0,2.19,6.36,22.35
1.98,trial_01,1.0,70.19,50.0,3.12,5.61,21.57
1.99,trial_01,1.0,70.14,50.0,4.06,5.15,20.79
2.0,trial_01,1.0,194.99,11.39,5.0,5.0,20.0
2.01,trial_01,1.0,214.5,12.64,5.94,5.15,20.79
2.02,trial_01,1.0,235.38,15.04,6.88,5.61,21.57
2.03,trial_01,1.0,257.41,16.04,7.81,6.36,22.35
2.04,trial_01,1.0,280.25,8.94,8.73,7.39,23.13
2.05,trial_01,1.0,303.53,14.55,9.64,8.7,23.91
2.06,trial_01,1.0,326.81,15.18,10.52,10.27,24.68
2.07,trial_01,1.0,349.6,16.22,11.39,12.07,25.45
2.08,trial_01,1.0,371.39,15.81,12.23,14.1,26.22
2.09,trial_01,1.0,391.65,11.44,13.04,16.31,26.97
2.1,trial_01,1.0,409.86,18.94,13.82,18.68,27.73
2.11,trial_01,1.0,425.54,7.23,14.56,21.2,28.47
2.12,trial_01,1.0,438.25,8.37,15.27,23.81,29.2
2.13,trial_01,1.0,447.65,57.53,15.93,26.5,29.93
2.14,trial_01,1.0,453.46,65.04,16.56,29.24,30.64
2.15,trial_01,1.0,455.52,72.49,17.14,31.98,31.35
2.16,trial_01,1.0,453.8,79.84,17.66,34.71,32.04
2.17,trial_01,1.0,448.35,87.08,18.14,37.38,32.73
2.18,trial_01,1.0,439.38,94.17,18.57,39.98,33.4
2.19,trial_01,1.0,427.17,101.09,18.95,42.47,34.05
2.2,trial_01,1.0,412.11,107.81,19.27,44.84,34.69
2.21,trial_01,1.0,394.67,114.3,19.53,47.05,35.32
2.22,trial_01,1.0,375.38,120.53,19.73,49.08,35.94
2.23,trial_01,1.0,354.81,126.49,19.88,50.93,36.53
2.24,trial_01,1.0,333.53,132.15,19.97,52.57,37.11
2.25,trial_01,1.0,312.12,137.48,20.0,54.0,37.68
2.26,trial_01,1.0,291.14,142.46,19.97,55.21,38.22
2.27,trial_01,1.0,271.09,147.08,19.88,56.19,38.75
2.28,trial_01,1.0,252.44,151.32,19.73,56.95,39.26
2.29,trial_01,1.0,235.58,155.16,19.53,57.49,39.75
2.3,trial_01,1.0,220.85,158.58,19.27,57.82,40.23
2.31,trial_01,1.0,208.5,161.57,18.95,57.94,40.68
2.32,trial_01,1.0,198.72,164.13,18.57,57.87,41.11
2.33,trial_01,1.0,191.64,166.23,18.14,57.62,41.52
2.34,trial_01,1.0,187.3,167.87,17.66,57.21,41.91
2.35,trial_01,1.0,185.7,169.05,17.14,56.67,42.28
2.36,trial_01,1.0,186.78,169.76,16.56,56.01,42.62
2.37,trial_01,1.0,190.43,170.0,15.93,55.25,42.94
2.38,trial_01,1.0,196.48,169.76,15.27,54.43,43.24
2.39,trial_01,1.0,204.75,169.05,14.56,53.56,43.52
2.4,trial_01,1.0,214.99,167.87,13.82,52.66,43.78
2.41,trial_01,1.0,226.93,166.23,13.04,51.77,44.01
2.42,trial_01,1.0,240.28,164.13,12.23,50.9,44.21
2.43,trial_01,1.0,254.71,161.57,11.39,50.08,44.4
2.44,trial_01,1.0,269.88,158.58,10.52,49.32,44.56
2.45,trial_01,1.0,285.43,155.16,9.64,48.65,44.69
2.46,trial_01,1.0,300.98,151.32,8.73,48.07,44.8
2.47,trial_01,1.0,316.16,147.08,7.81,47.61,44.89
2.48,trial_01,1.0,330.6,142.46,6.88,47.27,44.95
2.49,trial_01,1.0,343.94,137.48,5.94,47.07,44.99
2.5,trial_01,1.0,355.87,132.15,5.0,47.0,45.0
2.51,trial_01,1.0,366.06,126.49,4.06,47.07,44.99
2.52,trial_01,1.0,374.27,120.53,3.12,47.27,44.95
2.53,trial_01,1.0,380.28,114.3,2.19,47.61,44.89
2.54,trial_01,1.0,383.93,107.81,1.27,48.07,44.8
2.55,trial_01,1.0,385.13,101.09,0.36,48.65,44.69
2.56,trial_01,1.0,383.83,94.17,-0.52,49.32,44.56
2.57,trial_01,1.0,380.06,87.08,-1.39,50.08,44.4
2.58,trial_01,1.0,373.9,79.84,-2.23,50.9,44.21
2.59,trial_01,1.0,365.5,72.49,-3.04,51.77,44.01
2.6,trial_01,1.0,355.04,65.04,-3.82,52.66,43.78
2.61,trial_01,1.0,342.76,57.53,-4.56,53.56,43.52
2.62,trial_01,1.0,328.94,50.0,-5.27,54.43,43.24
2.63,trial_01,1.0,313.86,50.0,-5.93,55.25,42.94
2.64,trial_01,1.0,297.83,50.0,-6.56,56.01,42.62
2.65,trial_01,1.0,281.15,50.0,-7.14,56.67,42.28
2.66,trial_01,1.0,264.14,50.0,-7.66,57.21,41.91
2.67,trial_01,1.0,247.08,50.0,-8.14,57.62,41.52
2.68,trial_01,1.0,230.22,50.0,-8.57,57.87,41.11
2.69,trial_01,1.0,213.82,50.0,-8.95,57.94,40.68
2.7,trial_01,1.0,198.07,50.0,-9.27,57.82,40.23
2.71,trial_01,1.0,183.13,50.0,-9.53,57.49,39.75
2.72,trial_01,1.0,169.14,50.0,-9.73,56.95,39.26
2.73,trial_01,1.0,156.19,50.0,-9.88,56.19,38.75
2.74,trial_01,1.0,144.33,50.0,-9.97,55.21,38.22
2.75,trial_01,1.0,133.6,50.0,-10.0,54.0,37.68
2.76,trial_01,1.0,123.98,50.0,-9.97,52.57,37.11
2.77,trial_01,1.0,115.45,50.0,-9.88,50.93,36.53
2.78,trial_01,1.0,107.96,50.0,-9.73,49.08,35.94
2.79,trial_01,1.0,101.46,50.0,-9.53,47.05,35.32
2.8,trial_01,1.0,95.86,50.0,-9.27,44.84,34.69
2.81,trial_01,1.0,91.09,50.0,-8.95,42.47,34.05
2.82,trial_01,1.0,87.06,50.0,-8.57,39.98,33.4
2.83,trial_01,1.0,83.69,50.0,-8.14,37.38,32.73
2.84,trial_01,1.0,80.9,50.0,-7.66,34.71,32.04
2.85,trial_01,1.0,78.61,50.0,-7.14,31.98,31.35
2.86,trial_01,1.0,76.74,50.0,-6.56,29.24,30.64
2.87,trial_01,1.0,75.24,50.0,-5.93,26.5,29.93
2.88,trial_01,1.0,74.04,50.0,-5.27,23.81,29.2
2.89,trial_01,1.0,73.09,50.0,-4.56,21.2,28.47
2.9,trial_01,1.0,72.35,50.0,-3.82,18.68,27.73
2.91,trial_01,1.0,71.77,50.0,-3.04,16.31,26.97
2.92,trial_01,1.0,71.32,50.0,-2.23,14.1,26.22
2.93,trial_01,1.0,70.98,50.0,-1.39,12.07,25.45
2.94,trial_01,1.0,70.72,50.0,-0.52,10.27,24.68
2.95,trial_01,1.0,70.52,50.0,0.36,8.7,23.91
2.96,trial_01,1.0,70.38,50.0,1.27,7.39,23.13
2.97,trial_01,1.0,70.27,50.0,2.19,6.36,22.35
2.98,trial_01,1.0,70.19,50.0,3.12,5.61,21.57
2.99,trial_01,1.0,70.14,50.0,4.06,5.15,20.79
3.0,trial_01,1.0,194.99,20.84,5.0,5.0,20.0
3.01,trial_01,1.0,214.5,16.33,5.94,5.15,20.79
3.02,trial_01,1.0,235.38,16.57,6.88,5.61,21.57
3.03,trial_01,1.0,257.41,14.13,7.81,6.36,22.35
3.04,trial_01,1.0,280.25,17.75,8.73,7.39,23.13
3.05,trial_01,1.0,303.53,15.99,9.64,8.7,23.91
3.06,trial_01,1.0,326.81,12.18,10.52,10.27,24.68
3.07,trial_01,1.0,349.6,21.07,11.39,12.07,25.45
3.08,trial_01,1.0,371.39,11.77,12.23,14.1,26.22
3.09,trial_01,1.0,391.65,13.68,13.04,16.31,26.97
3.1,trial_01,1.0,409.86,21.41,13.82,18.68,27.73
3.11,trial_01,1.0,425.54,14.57,14.56,21.2,28.47
3.12,trial_01,1.0,438.25,10.68,15.27,23.81,29.2
3.13,trial_01,1.0,447.65,57.53,15.93,26.5,29.93
3.14,trial_01,1.0,453.46,65.04,16.56,29.24,30.64
3.15,trial_01,1.0,455.52,72.49,17.14,31.98,31.35
3.16,trial_01,1.0,453.8,79.84,17.66,34.71,32.04
3.17,trial_01,1.0,448.35,87.08,18.14,37.38,32.73
3.18,trial_01,1.0,439.38,94.17,18.57,39.98,33.4
3.19,trial_01,1.0,427.17,101.09,18.95,42.47,34.05
3.2,trial_01,1.0,412.11,107.81,19.27,44.84,34.69
3.21,trial_01,1.0,394.67,114.3,19.53,47.05,35.32
3.22,trial_01,1.0,375.38,120.53,19.73,49.08,35.94
3.23,trial_01,1.0,354.81,126.49,19.88,50.93,36.53
3.24,trial_01,1.0,333.53,132.15,19.97,52.57,37.11
3.25,trial_01,1.0,312.12,137.48,20.0,54.0,37.68
3.26,trial_01,1.0,291.14,142.46,19.97,55.21,38.22
3.27,trial_01,1.0,271.09,147.08,19.88,56.19,38.75
3.28,trial_01,1.0,252.44,151.32,19.73,56.95,39.26
3.29,trial_01,1.0,235.58,155.16,19.53,57.49,39.75
3.3,trial_01,1.0,220.85,158.58,19.27,57.82,40.23
3.31,trial_01,1.0,208.5,161.57,18.95,57.94,40.68
3.32,trial_01,1.0,198.72,164.13,18.57,57.87,41.11
3.33,trial_01,1.0,191.64,166.23,18.14,57.62,41.52
3.34,trial_01,1.0,187.3,167.87,17.66,57.21,41.91
3.35,trial_01,1.0,185.7,169.05,17.14,56.67,42.28
3.36,trial_01,1.0,186.78,169.76,16.56,56.01,42.62
3.37,trial_01,1.0,190.43,170.0,15.93,55.25,42.94
3.38,trial_01,1.0,196.48,169.76,15.27,54.43,43.24
3.39,trial_01,1.0,204.75,169.05,14.56,53.56,43.52
3.4,trial_01,1.0,214.99,167.87,13.82,52.66,43.78
3.41,trial_01,1.0,226.93,166.23,13.04,51.77,44.01
3.42,trial_01,1.0,240.28,164.13,12.23,50.9,44.21
3.43,trial_01,1.0,254.71,161.57,11.39,50.08,44.4
3.44,trial_01,1.0,269.88,158.58,10.52,49.32,44.56
3.45,trial_01,1.0,285.43,155.16,9.64,48.65,44.69
3.46,trial_01,1.0,300.98,151.32,8.73,48.07,44.8
3.47,trial_01,1.0,316.16,147.08,7.81,47.61,44.89
3.48,trial_01,1.0,330.6,142.46,6.88,47.27,44.95
3.49,trial_01,1.0,343.94,137.48,5.94,47.07,44.99
3.5,trial_01,1.0,355.87,132.15,5.0,47.0,45.0
3.51,trial_01,1.0,366.06,126.49,4.06,47.07,44.99
3.52,trial_01,1.0,374.27,120.53,3.12,47.27,44.95
3.53,trial_01,1.0,380.28,114.3,2.19,47.61,44.89
3.54,trial_01,1.0,383.93,107.81,1.27,48.07,44.8
3.55,trial_01,1.0,385.13,101.09,0.36,48.65,44.69
3.56,trial_01,1.0,383.83,94.17,-0.52,49.32,44.56
3.57,trial_01,1.0,380.06,87.08,-1.39,50.08,44.4
3.58,trial_01,1.0,373.9,79.84,-2.23,50.9,44.21
3.59,trial_01,1.0,365.5,72.49,-3.04,51.77,44.01
3.6,trial_01,1.0,355.04,65.04,-3.82,52.66,43.78
3.61,trial_01,1.0,342.76,57.53,-4.56,53.56,43.52
3.62,trial_01,1.0,328.94,50.0,-5.27,54.43,43.24
3.63,trial_01,1.0,313.86,50.0,-5.93,55.25,42.94
3.64,trial_01,1.0,297.83,50.0,-6.56,56.01,42.62
3.65,trial_01,1.0,281.15,50.0,-7.14,56.67,42.28
3.66,trial_01,1.0,264.14,50.0,-7.66,57.21,41.91
3.67,trial_01,1.0,247.08,50.0,-8.14,57.62,41.52
3.68,trial_01,1.0,230.22,50.0,-8.57,57.87,41.11
3.69,trial_01,1.0,213.82,50.0,-8.95,57.94,40.68
3.7,trial_01,1.0,198.07,50.0,-9.27,57.82,40.23
3.71,trial_01,1.0,183.13,50.0,-9.53,57.49,39.75
3.72,trial_01,1.0,169.14,50.0,-9.73,56.95,39.26
3.73,trial_01,1.0,156.19,50.0,-9.88,56.19,38.75
3.74,trial_01,1.0,144.33,50.0,-9.97,55.21,38.22
3.75,trial_01,1.0,133.6,50.0,-10.0,54.0,37.68
3.76,trial_01,1.0,123.98,50.0,-9.97,52.57,37.11
3.77,trial_01,1.0,115.45,50.0,-9.88,50.93,36.53
3.78,trial_01,1.0,107.96,50.0,-9.73,49.08,35.94
3.79,trial_01,1.0,101.46,50.0,-9.53,47.05,35.32
3.8,trial_01,1.0,95.86,50.0,-9.27,44.84,34.69
3.81,trial_01,1.0,91.09,50.0,-8.95,42.47,34.05
3.82,trial_01,1.0,87.06,50.0,-8.57,39.98,33.4
3.83,trial_01,1.0,83.69,50.0,-8.14,37.38,32.73
3.84,trial_01,1.0,80.9,50.0,-7.66,34.71,32.04
3.85,trial_01,1.0,78.61,50.0,-7.14,31.98,31.35
3.86,trial_01,1.0,76.74,50.0,-6.56,29.24,30.64
3.87,trial_01,1.0,75.24,50.0,-5.93,26.5,29.93
3.88,trial_01,1.0,74.04,50.0,-5.27,23.81,29.2
3.89,trial_01,1.0,73.09,50.0,-4.56,21.2,28.47
3.9,trial_01,1.0,72.35,50.0,-3.82,18.68,27.73
3.91,trial_01,1.0,71.77,50.0,-3.04,16.31,26.97
3.92,trial_01,1.0,71.32,50.0,-2.23,14.1,26.22
3.93,trial_01,1.0,70.98,50.0,-1.39,12.07,25.45
3.94,trial_01,1.0,70.72,50.0,-0.52,10.27,24.68
3.95,trial_01,1.0,70.52,50.0,0.36,8.7,23.91
3.96,trial_01,1.0,70.38,50.0,1.27,7.39,23.13
3.97,trial_01,1.0,70.27,50.0,2.19,6.36,22.35
3.98,trial_01,1.0,70.19,50.0,3.12,5.61,21.57
3.99,trial_01,1.0,70.14,50.0,4.06,5.15,20.79
4.0,trial_01,1.0,194.99,13.3,5.0,5.0,20.0
4.01,trial_01,1.0,214.5,13.73,5.94,5.15,20.79
4.02,trial_01,1.0,235.38,13.4,6.88,5.61,21.57
4.03,trial_01,1.0,257.41,14.81,7.81,6.36,22.35
4.04,trial_01,1.0,280.25,13.44,8.73,7.39,23.13
4.05,trial_01,1.0,303.53,14.82,9.64,8.7,23.91
4.06,trial_01,1.0,326.81,16.61,10.52,10.27,24.68
4.07,trial_01,1.0,349.6,17.96,11.39,12.07,25.45
4.08,trial_01,1.0,371.39,9.67,12.23,14.1,26.22
4.09,trial_01,1.0,391.65,18.44,13.04,16.31,26.97
4.1,trial_01,1.0,409.86,12.89,13.82,18.68,27.73
4.11,trial_01,1.0,425.54,17.43,14.56,21.2,28.47
4.12,trial_01,1.0,438.25,10.99,15.27,23.81,29.2
4.13,trial_01,1.0,447.65,57.53,15.93,26.5,29.93
4.14,trial_01,1.0,453.46,65.04,16.56,29.24,30.64
4.15,trial_01,1.0,455.52,72.49,17.14,31.98,31.35
4.16,trial_01,1.0,453.8,79.84,17.66,34.71,32.04
4.17,trial_01,1.0,448.35,87.08,18.14,37.38,32.73
4.18,trial_01,1.0,439.38,94.17,18.57,39.98,33.4
4.19,trial_01,1.0,427.17,101.09,18.95,42.47,34.05
4.2,trial_01,1.0,412.11,107.81,19.27,44.84,34.69
4.21,trial_01,1.0,394.67,114.3,19.53,47.05,35.32
4.22,trial_01,1.0,375.38,120.53,19.73,49.08,35.94
4.23,trial_01,1.0,354.81,126.49,19.88,50.93,36.53
4.24,trial_01,1.0,333.53,132.15,19.97,52.57,37.11
4.25,trial_01,1.0,312.12,137.48,20.0,54.0,37.68
4.26,trial_01,1.0,291.14,142.46,19.97,55.21,38.22
4.27,trial_01,1.0,271.09,147.08,19.88,56.19,38.75
4.28,trial_01,1.0,252.44,151.32,19.73,56.95,39.26
4.29,trial_01,1.0,235.58,155.16,19.53,57.49,39.75
4.3,trial_01,1.0,220.85,158.58,19.27,57.82,40.23
4.31,trial_01,1.0,208.5,161.57,18.95,57.94,40.68
4.32,trial_01,1.0,198.72,164.13,18.57,57.87,41.11
4.33,trial_01,1.0,191.64,166.23,18.14,57.62,41.52
4.34,trial_01,1.0,187.3,167.87,17.66,57.21,41.91
4.35,trial_01,1.0,185.7,169.05,17.14,56.67,42.28
4.36,trial_01,1.0,186.78,169.76,16.56,56.01,42.62
4.37,trial_01,1.0,190.43,170.0,15.93,55.25,42.94
4.38,trial_01,1.0,196.48,169.76,15.27,54.43,43.24
4.39,trial_01,1.0,204.75,169.05,14.56,53.56,43.52
4.4,trial_01,1.0,214.99,167.87,13.82,52.66,43.78
4.41,trial_01,1.0,226.93,166.23,13.04,51.77,44.01
4.42,trial_01,1.0,240.28,164.13,12.23,50.9,44.21
4.43,trial_01,1.0,254.71,161.57,11.39,50.08,44.4
4.44,trial_01,1.0,269.88,158.58,10.52,49.32,44.56
4.45,trial_01,1.0,285.43,155.16,9.64,48.65,44.69
4.46,trial_01,1.0,300.98,151.32,8.73,48.07,44.8
4.47,trial_01,1.0,316.16,147.08,7.81,47.61,44.89
4.48,trial_01,1.0,330.6,142.46,6.88,47.27,44.95
4.49,trial_01,1.0,343.94,137.48,5.94,47.07,44.99
4.5,trial_01,1.0,355.87,132.15,5.0,47.0,45.0
4.51,trial_01,1.0,366.06,126.49,4.06,47.07,44.99
4.52,trial_01,1.0,374.27,120.53,3.12,47.27,44.95
4.53,trial_01,1.0,380.28,114.3,2.19,47.61,44.89
4.54,trial_01,1.0,383.93,107.81,1.27,48.07,44.8
4.55,trial_01,1.0,385.13,101.09,0.36,48.65,44.69
4.56,trial_01,1.0,383.83,94.17,-0.52,49.32,44.56
4.57,trial_01,1.0,380.06,87.08,-1.39,50.08,44.4
4.58,trial_01,1.0,373.9,79.84,-2.23,50.9,44.21
4.59,trial_01,1.0,365.5,72.49,-3.04,51.77,44.01
4.6,trial_01,1.0,355.04,65.04,-3.82,52.66,43.78
4.61,trial_01,1.0,342.76,57.53,-4.56,53.56,43.52
4.62,trial_01,1.0,328.94,50.0,-5.27,54.43,43.24
4.63,trial_01,1.0,313.86,50.0,-5.93,55.25,42.94
4.64,trial_01,1.0,297.83,50.0,-6.56,56.01,42.62
4.65,trial_01,1.0,281.15,50.0,-7.14,56.67,42.28
4.66,trial_01,1.0,264.14,50.0,-7.66,57.21,41.91
4.67,trial_01,1.0,247.08,50.0,-8.14,57.62,41.52
4.68,trial_01,1.0,230.22,50.0,-8.57,57.87,41.11
4.69,trial_01,1.0,213.82,50.0,-8.95,57.94,40.68
4.7,trial_01,1.0,198.07,50.0,-9.27,57.82,40.23
4.71,trial_01,1.0,183.13,50.0,-9.53,57.49,39.75
4.72,trial_01,1.0,169.14,50.0,-9.73,56.95,39.26
4.73,trial_01,1.0,156.19,50.0,-9.88,56.19,38.75
4.74,trial_01,1.0,144.33,50.0,-9.97,55.21,38.22
4.75,trial_01,1.0,133.6,50.0,-10.0,54.0,37.68
4.76,trial_01,1.0,123.98,50.0,-9.97,52.57,37.11
4.77,trial_01,1.0,115.45,50.0,-9.88,50.93,36.53
4.78,trial_01,1.0,107.96,50.0,-9.73,49.08,35.94
4.79,trial_01,1.0,101.46,50.0,-9.53,47.05,35.32
4.8,trial_01,1.0,95.86,50.0,-9.27,44.84,34.69
4.81,trial_01,1.0,91.09,50.0,-8.95,42.47,34.05
4.82,trial_01,1.0,87.06,50.0,-8.57,39.98,33.4
4.83,trial_01,1.0,83.69,50.0,-8.14,37.38,32.73
4.84,trial_01,1.0,80.9,50.0,-7.66,34.71,32.04
4.85,trial_01,1.0,78.61,50.0,-7.14,31.98,31.35
4.86,trial_01,1.0,76.74,50.0,-6.56,29.24,30.64
4.87,trial_01,1.0,75.24,50.0,-5.93,26.5,29.93
4.88,trial_01,1.0,74.04,50.0,-5.27,23.81,29.2
4.89,trial_01,1.0,73.09,50.0,-4.56,21.2,28.47
4.9,trial_01,1.0,72.35,50.0,-3.82,18.68,27.73
4.91,trial_01,1.0,71.77,50.0,-3.04,16.31,26.97
4.92,trial_01,1.0,71.32,50.0,-2.23,14.1,26.22
4.93,trial_01,1.0,70.98,50.0,-1.39,12.07,25.45
4.94,trial_01,1.0,70.72,50.0,-0.52,10.27,24.68
4.95,trial_01,1.0,70.52,50.0,0.36,8.7,23.91
4.96,trial_01,1.0,70.38,50.0,1.27,7.39,23.13
4.97,trial_01,1.0,70.27,50.0,2.19,6.36,22.35
4.98,trial_01,1.0,70.19,50.0,3.12,5.61,21.57
4.99,trial_01,1.0,70.14,50.0,4.06,5.15,20.79
5.0,trial_01,1.0,194.99,16.58,5.0,5.0,20.0
5.01,trial_01,1.0,214.5,15.61,5.94,5.15,20.79
5.02,trial_01,1.0,235.38,8.95,6.88,5.61,21.57
5.03,trial_01,1.0,257.41,14.19,7.81,6.36,22.35
5.04,trial_01,1.0,280.25,17.39,8.73,7.39,23.13
5.05,trial_01,1.0,303.53,13.54,9.64,8.7,23.91
5.06,trial_01,1.0,326.81,16.95,10.52,10.27,24.68
5.07,trial_01,1.0,349.6,16.16,11.39,12.07,25.45
5.08,trial_01,1.0,371.39,17.23,12.23,14.1,26.22
5.09,trial_01,1.0,391.65,11.16,13.04,16.31,26.97
5.1,trial_01,1.0,409.86,16.21,13.82,18.68,27.73
5.11,trial_01,1.0,425.54,10.29,14.56,21.2,28.47
5.12,trial_01,1.0,438.25,17.1,15.27,23.81,29.2
5.13,trial_01,1.0,447.65,57.53,15.93,26.5,29.93
5.14,trial_01,1.0,453.46,65.04,16.56,29.24,30.64
5.15,trial_01,1.0,455.52,72.49,17.14,31.98,31.35
5.16,trial_01,1.0,453.8,79.84,17.66,34.71,32.04
5.17,trial_01,1.0,448.35,87.08,18.14,37.38,32.73
5.18,trial_01,1.0,439.38,94.17,18.57,39.98,33.4
5.19,trial_01,1.0,427.17,101.09,18.95,42.47,34.05
5.2,trial_01,1.0,412.11,107.81,19.27,44.84,34.69
5.21,trial_01,1.0,394.67,114.3,19.53,47.05,35.32
5.22,trial_01,1.0,375.38,120.53,19.73,49.08,35.94
5.23,trial_01,1.0,354.81,126.49,19.88,50.93,36.53
5.24,trial_01,1.0,333.53,132.15,19.97,52.57,37.11
5.25,trial_01,1.0,312.12,137.48,20.0,54.0,37.68
5.26,trial_01,1.0,291.14,142.46,19.97,55.21,38.22
5.27,trial_01,1.0,271.09,147.08,19.88,56.19,38.75
5.28,trial_01,1.0,252.44,151.32,19.73,56.95,39.26
5.29,trial_01,1.0,235.58,155.16,19.53,57.49,39.75
5.3,trial_01,1.0,220.85,158.58,19.27,57.82,40.23
5.31,trial_01,1.0,208.5,161.57,18.95,57.94,40.68
5.32,trial_01,1.0,198.72,164.13,18.57,57.87,41.11
5.33,trial_01,1.0,191.64,166.23,18.14,57.62,41.52
5.34,trial_01,1.0,187.3,167.87,17.66,57.21,41.91
5.35,trial_01,1.0,185.7,169.05,17.14,56.67,42.28
5.36,trial_01,1.0,186.78,169.76,16.56,56.01,42.62
5.37,trial_01,1.0,190.43,170.0,15.93,55.25,42.94
5.38,trial_01,1.0,196.48,169.76,15.27,54.43,43.24
5.39,trial_01,1.0,204.75,169.05,14.56,53.56,43.52
5.4,trial_01,1.0,214.99,167.87,13.82,52.66,43.78
5.41,trial_01,1.0,226.93,166.23,13.04,51.77,44.01
5.42,trial_01,1.0,240.28,164.13,12.23,50.9,44.21
5.43,trial_01,1.0,254.71,161.57,11.39,50.08,44.4
5.44,trial_01,1.0,269.88,158.58,10.52,49.32,44.56
5.45,trial_01,1.0,285.43,155.16,9.64,48.65,44.69
5.46,trial_01,1.0,300.98,151.32,8.73,48.07,44.8
5.47,trial_01,1.0,316.16,147.08,7.81,47.61,44.89
5.48,trial_01,1.0,330.6,142.46,6.88,47.27,44.95
5.49,trial_01,1.0,343.94,137.48,5.94,47.07,44.99
5.5,trial_01,1.0,355.87,132.15,5.0,47.0,45.0
5.51,trial_01,1.0,366.06,126.49,4.06,47.07,44.99
5.52,trial_01,1.0,374.27,120.53,3.12,47.27,44.95
5.53,trial_01,1.0,380.28,114.3,2.19,47.61,44.89
5.54,trial_01,1.0,383.93,107.81,1.27,48.07,44.8
5.55,trial_01,1.0,385.13,101.09,0.36,48.65,44.69
5.56,trial_01,1.0,383.83,94.17,-0.52,49.32,44.56
5.57,trial_01,1.0,380.06,87.08,-1.39,50.08,44.4
5.58,trial_01,1.0,373.9,79.84,-2.23,50.9,44.21
5.59,trial_01,1.0,365.5,72.49,-3.04,51.77,44.01
5.6,trial_01,1.0,355.04,65.04,-3.82,52.66,43.78
5.61,trial_01,1.0,342.76,57.53,-4.56,53.56,43.52
5.62,trial_01,1.0,328.94,50.0,-5.27,54.43,43.24
5.63,trial_01,1.0,313.86,50.0,-5.93,55.25,42.94
5.64,trial_01,1.0,297.83,50.0,-6.56,56.01,42.62
5.65,trial_01,1.0,281.15,50.0,-7.14,56.67,42.28
5.66,trial_01,1.0,264.14,50.0,-7.66,57.21,41.91
5.67,trial_01,1.0,247.08,50.0,-8.14,57.62,41.52
5.68,trial_01,1.0,230.22,50.0,-8.57,57.87,41.11
5.69,trial_01,1.0,213.82,50.0,-8.95,57.94,40.68
5.7,trial_01,1.0,198.07,50.0,-9.27,57.82,40.23
5.71,trial_01,1.0,183.13,50.0,-9.53,57.49,39.75
5.72,trial_01,1.0,169.14,50.0,-9.73,56.95,39.26
5.73,trial_01,1.0,156.19,50.0,-9.88,56.19,38.75
5.74,trial_01,1.0,144.33,50.0,-9.97,55.21,38.22
5.75,trial_01,1.0,133.6,50.0,-10.0,54.0,37.68
5.76,trial_01,1.0,123.98,50.0,-9.97,52.57,37.11
5.77,trial_01,1.0,115.45,50.0,-9.88,50.93,36.53
5.78,trial_01,1.0,107.96,50.0,-9.73,49.08,35.94
5.79,trial_01,1.0,101.46,50.0,-9.53,47.05,35.32
5.8,trial_01,1.0,95.86,50.0,-9.27,44.84,34.69
5.81,trial_01,1.0,91.09,50.0,-8.95,42.47,34.05
5.82,trial_01,1.0,87.06,50.0,-8.57,39.98,33.4
5.83,trial_01,1.0,83.69,50.0,-8.14,37.38,32.73
5.84,trial_01,1.0,80.9,50.0,-7.66,34.71,32.04
5.85,trial_01,1.0,78.61,50.0,-7.14,31.98,31.35
5.86,trial_01,1.0,76.74,50.0,-6.56,29.24,30.64
5.87,trial_01,1.0,75.24,50.0,-5.93,26.5,29.93
5.88,trial_01,1.0,74.04,50.0,-5.27,23.81,29.2
5.89,trial_01,1.0,73.09,50.0,-4.56,21.2,28.47
5.9,trial_01,1.0,72.35,50.0,-3.82,18.68,27.73
5.91,trial_01,1.0,71.77,50.0,-3.04,16.31,26.97
5.92,trial_01,1.0,71.32,50.0,-2.23,14.1,26.22
5.93,trial_01,1.0,70.98,50.0,-1.39,12.07,25.45
5.94,trial_01,1.0,70.72,50.0,-0.52,10.27,24.68
5.95,trial_01,1.0,70.52,50.0,0.36,8.7,23.91
5.96,trial_01,1.0,70.38,50.0,1.27,7.39,23.13
5.97,trial_01,1.0,70.27,50.0,2.19,6.36,22.35
5.98,trial_01,1.0,70.19,50.0,3.12,5.61,21.57
5.99,trial_01,1.0,70.14,50.0,4.06,5.15,20.79
6.0,trial_01,1.0,194.99,8.55,5.0,5.0,20.0
6.01,trial_01,1.0,214.5,11.49,5.94,5.15,20.79
6.02,trial_01,1.0,235.38,18.03,6.88,5.61,21.57
6.03,trial_01,1.0,257.41,15.09,7.81,6.36,22.35
6.04,trial_01,1.0,280.25,13.29,8.73,7.39,23.13
6.05,trial_01,1.0,303.53,20.7,9.64,8.7,23.91
6.06,trial_01,1.0,326.81,4.39,10.52,10.27,24.68
6.07,trial_01,1.0,349.6,15.3,11.39,12.07,25.45
6.08,trial_01,1.0,371.39,14.75,12.23,14.1,26.22
6.09,trial_01,1.0,391.65,15.7,13.04,16.31,26.97
6.1,trial_01,1.0,409.86,13.88,13.82,18.68,27.73
6.11,trial_01,1.0,425.54,20.32,14.56,21.2,28.47
6.12,trial_01,1.0,438.25,15.91,15.27,23.81,29.2
6.13,trial_01,1.0,447.65,57.53,15.93,26.5,29.93
6.14,trial_01,1.0,453.46,65.04,16.56,29.24,30.64
6.15,trial_01,1.0,455.52,72.49,17.14,31.98,31.35
6.16,trial_01,1.0,453.8,79.84,17.66,34.71,32.04
6.17,trial_01,1.0,448.35,87.08,18.14,37.38,32.73
6.18,trial_01,1.0,439.38,94.17,18.57,39.98,33.4
6.19,trial_01,1.0,427.17,101.09,18.95,42.47,34.05
6.2,trial_01,1.0,412.11,107.81,19.27,44.84,34.69
6.21,trial_01,1.0,394.67,114.3,19.53,47.05,35.32
6.22,trial_01,1.0,375.38,120.53,19.73,49.08,35.94
6.23,trial_01,1.0,354.81,126.49,19.88,50.93,36.53
6.24,trial_01,1.0,333.53,132.15,19.97,52.57,37.11
6.25,trial_01,1.0,312.12,137.48,20.0,54.0,37.68
6.26,trial_01,1.0,291.14,142.46,19.97,55.21,38.22
6.27,trial_01,1.0,271.09,147.08,19.88,56.19,38.75
6.28,trial_01,1.0,252.44,151.32,19.73,56.95,39.26
6.29,trial_01,1.0,235.58,155.16,19.53,57.49,39.75
6.3,trial_01,1.0,220.85,158.58,19.27,57.82,40.23
6.31,trial_01,1.0,208.5,161.57,18.95,57.94,40.68
6.32,trial_01,1.0,198.72,164.13,18.57,57.87,41.11
6.33,trial_01,1.0,191.64,166.23,18.14,57.62,41.52
6.34,trial_01,1.0,187.3,167.87,17.66,57.21,41.91
6.35,trial_01,1.0,185.7,169.05,17.14,56.67,42.28
6.36,trial_01,1.0,186.78,169.76,16.56,56.01,42.62
6.37,trial_01,1.0,190.43,170.0,15.93,55.25,42.94
6.38,trial_01,1.0,196.48,169.76,15.27,54.43,43.24
6.39,trial_01,1.0,204.75,169.05,14.56,53.56,43.52
6.4,trial_01,1.0,214.99,167.87,13.82,52.66,43.78
6.41,trial_01,1.0,226.93,166.23,13.04,51.77,44.01
6.42,trial_01,1.0,240.28,164.13,12.23,50.9,44.21
6.43,trial_01,1.0,254.71,161.57,11.39,50.08,44.4
6.44,trial_01,1.0,269.88,158.58,10.52,49.32,44.56
6.45,trial_01,1.0,285.43,155.16,9.64,48.65,44.69
6.46,trial_01,1.0,300.98,151.32,8.73,48.07,44.8
6.47,trial_01,1.0,316.16,147.08,7.81,47.61,44.89
6.48,trial_01,1.0,330.6,142.46,6.88,47.27,44.95
6.49,trial_01,1.0,343.94,137.48,5.94,47.07,44.99
6.5,trial_01,1.0,355.87,132.15,5.0,47.0,45.0
6.51,trial_01,1.0,366.06,126.49,4.06,47.07,44.99
6.52,trial_01,1.0,374.27,120.53,3.12,47.27,44.95
6.53,trial_01,1.0,380.28,114.3,2.19,47.61,44.89
6.54,trial_01,1.0,383.93,107.81,1.27,48.07,44.8
6.55,trial_01,1.0,385.13,101.09,0.36,48.65,44.69
6.56,trial_01,1.0,383.83,94.17,-0.52,49.32,44.56
6.57,trial_01,1.0,380.06,87.08,-1.39,50.08,44.4
6.58,trial_01,1.0,373.9,79.84,-2.23,50.9,44.21
6.59,trial_01,1.0,365.5,72.49,-3.04,51.77,44.01
6.6,trial_01,1.0,355.04,65.04,-3.82,52.66,43.78
6.61,trial_01,1.0,342.76,57.53,-4.56,53.56,43.52
6.62,trial_01,1.0,328.94,50.0,-5.27,54.43,43.24
6.63,trial_01,1.0,313.86,50.0,-5.93,55.25,42.94
6.64,trial_01,1.0,297.83,50.0,-6.56,56.01,42.62
6.65,trial_01,1.0,281.15,50.0,-7.14,56.67,42.28
6.66,trial_01,1.0,264.14,50.0,-7.66,57.21,41.91
6.67,trial_01,1.0,247.08,50.0,-8.14,57.62,41.52
6.68,trial_01,1.0,230.22,50.0,-8.57,57.87,41.11
6.69,trial_01,1.0,213.82,50.0,-8.95,57.94,40.68
6.7,trial_01,1.0,198.07,50.0,-9.27,57.82,40.23
6.71,trial_01,1.0,183.13,50.0,-9.53,57.49,39.75
6.72,trial_01,1.0,169.14,50.0,-9.73,56.95,39.26
6.73,trial_01,1.0,156.19,50.0,-9.88,56.19,38.75
6.74,trial_01,1.0,144.33,50.0,-9.97,55.21,38.22
6.75,trial_01,1.0,133.6,50.0,-10.0,54.0,37.68
6.76,trial_01,1.0,123.98,50.0,-9.97,52.57,37.11
6.77,trial_01,1.0,115.45,50.0,-9.88,50.93,36.53
6.78,trial_01,1.0,107.96,50.0,-9.73,49.08,35.94
6.79,trial_01,1.0,101.46,50.0,-9.53,47.05,35.32
6.8,trial_01,1.0,95.86,50.0,-9.27,44.84,34.69
6.81,trial_01,1.0,91.09,50.0,-8.95,42.47,34.05
6.82,trial_01,1.0,87.06,50.0,-8.57,39.98,33.4
6.83,trial_01,1.0,83.69,50.0,-8.14,37.38,32.73
6.84,trial_01,1.0,80.9,50.0,-7.66,34.71,32.04
6.85,trial_01,1.0,78.61,50.0,-7.14,31.98,31.35
6.86,trial_01,1.0,76.74,50.0,-6.56,29.24,30.64
6.87,trial_01,1.0,75.24,50.0,-5.93,26.5,29.93
6.88,trial_01,1.0,74.04,50.0,-5.27,23.81,29.2
6.89,trial_01,1.0,73.09,50.0,-4.56,21.2,28.47
6.9,trial_01,1.0,72.35,50.0,-3.82,18.68,27.73
6.91,trial_01,1.0,71.77,50.0,-3.04,16.31,26.97
6.92,trial_01,1.0,71.32,50.0,-2.23,14.1,26.22
6.93,trial_01,1.0,70.98,50.0,-1.39,12.07,25.45
6.94,trial_01,1.0,70.72,50.0,-0.52,10.27,24.68
6.95,trial_01,1.0,70.52,50.0,0.36,8.7,23.91
6.96,trial_01,1.0,70.38,50.0,1.27,7.39,23.13
6.97,trial_01,1.0,70.27,50.0,2.19,6.36,22.35
6.98,trial_01,1.0,70.19,50.0,3.12,5.61,21.57
6.99,trial_01,1.0,70.14,50.0,4.06,5.15,20.79
7.0,trial_01,1.0,194.99,10.62,5.0,5.0,20.0
7.01,trial_01,1.0,214.5,16.64,5.94,5.15,20.79
7.02,trial_01,1.0,235.38,17.27,6.88,5.61,21.57
7.03,trial_01,1.0,257.41,13.26,7.81,6.36,22.35
7.04,trial_01,1.0,280.25,13.46,8.73,7.39,23.13
7.05,trial_01,1.0,303.53,10.59,9.64,8.7,23.91
7.06,trial_01,1.0,326.81,16.93,10.52,10.27,24.68
7.07,trial_01,1.0,349.6,10.05,11.39,12.07,25.45
7.08,trial_01,1.0,371.39,18.71,12.23,14.1,26.22
7.09,trial_01,1.0,391.65,15.27,13.04,16.31,26.97
7.1,trial_01,1.0,409.86,14.21,13.82,18.68,27.73
7.11,trial_01,1.0,425.54,15.25,14.56,21.2,28.47
7.12,trial_01,1.0,438.25,20.26,15.27,23.81,29.2
7.13,trial_01,1.0,447.65,57.53,15.93,26.5,29.93
7.14,trial_01,1.0,453.46,65.04,16.56,29.24,30.64
7.15,trial_01,1.0,455.52,72.49,17.14,31.98,31.35
7.16,trial_01,1.0,453.8,79.84,17.66,34.71,32.04
7.17,trial_01,1.0,448.35,87.08,18.14,37.38,32.73
7.18,trial_01,1.0,439.38,94.17,18.57,39.98,33.4
7.19,trial_01,1.0,427.17,101.09,18.95,42.47,34.05
7.2,trial_01,1.0,412.11,107.81,19.27,44.84,34.69
7.21,trial_01,1.0,394.67,114.3,19.53,47.05,35.32
7.22,trial_01,1.0,375.38,120.53,19.73,49.08,35.94
7.23,trial_01,1.0,354.81,126.49,19.88,50.93,36.53
7.24,trial_01,1.0,333.53,132.15,19.97,52.57,37.11
7.25,trial_01,1.0,312.12,137.48,20.0,54.0,37.68
7.26,trial_01,1.0,291.14,142.46,19.97,55.21,38.22
7.27,trial_01,1.0,271.09,147.08,19.88,56.19,38.75
7.28,trial_01,1.0,252.44,151.32,19.73,56.95,39.26
7.29,trial_01,1.0,235.58,155.16,19.53,57.49,39.75
7.3,trial_01,1.0,220.85,158.58,19.27,57.82,40.23
7.31,trial_01,1.0,208.5,161.57,18.95,57.94,40.68
7.32,trial_01,1.0,198.72,164.13,18.57,57.87,41.11
7.33,trial_01,1.0,191.64,166.23,18.14,57.62,41.52
7.34,trial_01,1.0,187.3,167.87,17.66,57.21,41.91
7.35,trial_01,1.0,185.7,169.05,17.14,56.67,42.28
7.36,trial_01,1.0,186.78,169.76,16.56,56.01,42.62
7.37,trial_01,1.0,190.43,170.0,15.93,55.25,42.94
7.38,trial_01,1.0,196.48,169.76,15.27,54.43,43.24
7.39,trial_01,1.0,204.75,169.05,14.56,53.56,43.52
7.4,trial_01,1.0,214.99,167.87,13.82,52.66,43.78
7.41,trial_01,1.0,226.93,166.23,13.04,51.77,44.01
7.42,trial_01,1.0,240.28,164.13,12.23,50.9,44.21
7.43,trial_01,1.0,254.71,161.57,11.39,50.08,44.4
7.44,trial_01,1.0,269.88,158.58,10.52,49.32,44.56
7.45,trial_01,1.0,285.43,155.16,9.64,48.65,44.69
7.46,trial_01,1.0,300.98,151.32,8.73,48.07,44.8
7.47,trial_01,1.0,316.16,147.08,7.81,47.61,44.89
7.48,trial_01,1.0,330.6,142.46,6.88,47.27,44.95
7.49,trial_01,1.0,343.94,137.48,5.94,47.07,44.99
7.5,trial_01,1.0,355.87,132.15,5.0,47.0,45.0
7.51,trial_01,1.0,366.06,126.49,4.06,47.07,44.99
7.52,trial_01,1.0,374.27,120.53,3.12,47.27,44.95
7.53,trial_01,1.0,380.28,114.3,2.19,47.61,44.89
7.54,trial_01,1.0,383.93,107.81,1.27,48.07,44.8
7.55,trial_01,1.0,385.13,101.09,0.36,48.65,44.69
7.56,trial_01,1.0,383.83,94.17,-0.52,49.32,44.56
7.57,trial_01,1.0,380.06,87.08,-1.39,50.08,44.4
7.58,trial_01,1.0,373.9,79.84,-2.23,50.9,44.21
7.59,trial_01,1.0,365.5,72.49,-3.04,51.77,44.01
7.6,trial_01,1.0,355.04,65.04,-3.82,52.66,43.78
7.61,trial_01,1.0,342.76,57.53,-4.56,53.56,43.52
7.62,trial_01,1.0,328.94,50.0,-5.27,54.43,43.24
7.63,trial_01,1.0,313.86,50.0,-5.93,55.25,42.94
7.64,trial_01,1.0,297.83,50.0,-6.56,56.01,42.62
7.65,trial_01,1.0,281.15,50.0,-7.14,56.67,42.28
7.66,trial_01,1.0,264.14,50.0,-7.66,57.21,41.91
7.67,trial_01,1.0,247.08,50.0,-8.14,57.62,41.52
7.68,trial_01,1.0,230.22,50.0,-8.57,57.87,41.11
7.69,trial_01,1.0,213.82,50.0,-8.95,57.94,40.68
7.7,trial_01,1.0,198.07,50.0,-9.27,57.82,40.23
7.71,trial_01,1.0,183.13,50.0,-9.53,57.49,39.75
7.72,trial_01,1.0,169.14,50.0,-9.73,56.95,39.26
7.73,trial_01,1.0,156.19,50.0,-9.88,56.19,38.75
7.74,trial_01,1.0,144.33,50.0,-9.97,55.21,38.22
7.75,trial_01,1.0,133.6,50.0,-10.0,54.0,37.68
7.76,trial_01,1.0,123.98,50.0,-9.97,52.57,37.11
7.77,trial_01,1.0,115.45,50.0,-9.88,50.93,36.53
7.78,trial_01,1.0,107.96,50.0,-9.73,49.08,35.94
7.79,trial_01,1.0,101.46,50.0,-9.53,47.05,35.32
7.8,trial_01,1.0,95.86,50.0,-9.27,44.84,34.69
7.81,trial_01,1.0,91.09,50.0,-8.95,42.47,34.05
7.82,trial_01,1.0,87.06,50.0,-8.57,39.98,33.4
7.83,trial_01,1.0,83.69,50.0,-8.14,37.38,32.73
7.84,trial_01,1.0,80.9,50.0,-7.66,34.71,32.04
7.85,trial_01,1.0,78.61,50.0,-7.14,31.98,31.35
7.86,trial_01,1.0,76.74,50.0,-6.56,29.24,30.64
7.87,trial_01,1.0,75.24,50.0,-5.93,26.5,29.93
7.88,trial_01,1.0,74.04,50.0,-5.27,23.81,29.2
7.89,trial_01,1.0,73.09,50.0,-4.56,21.2,28.47
7.9,trial_01,1.0,72.35,50.0,-3.82,18.68,27.73
7.91,trial_01,1.0,71.77,50.0,-3.04,16.31,26.97
7.92,trial_01,1.0,71.32,50.0,-2.23,14.1,26.22
7.93,trial_01,1.0,70.98,50.0,-1.39,12.07,25.45
7.94,trial_01,1.0,70.72,50.0,-0.52,10.27,24.68
7.95,trial_01,1.0,70.52,50.0,0.36,8.7,23.91
7.96,trial_01,1.0,70.38,50.0,1.27,7.39,23.13
7.97,trial_01,1.0,70.27,50.0,2.19,6.36,22.35
7.98,trial_01,1.0,70.19,50.0,3.12,5.61,21.57
7.99,trial_01,1.0,70.14,50.0,4.06,5.15,20.79
